{
  "parent": "item/generated",
  "textures": {
    "layer0": "item/arrow"
  },
  "overrides": [
    { "predicate": { "custom_model_data": 1 }, "model": "item/arrowiron" },
    { "predicate": { "custom_model_data": 2 }, "model": "item/arrowgold" },
    { "predicate": { "custom_model_data": 3 }, "model": "item/arrowamethyst" },
    { "predicate": { "custom_model_data": 4 }, "model": "item/arrowobsidian" },
    { "predicate": { "custom_model_data": 5 }, "model": "item/arrowdiamond" }
  ]
}