{
  "parent": "item/generated",
  "textures": {
    "layer0": "item/arrow"
  },
  "overrides": [
    { "predicate": { "custom_model_data": "arrowiron" }, "model": "item/arrowiron" },
    { "predicate": { "custom_model_data": "arrowgold" }, "model": "item/arrowgold" },
    { "predicate": { "custom_model_data": "arrowamethyst" }, "model": "item/arrowamethyst" },
    { "predicate": { "custom_model_data": "arrowobsidian" }, "model": "item/arrowobsidian" },
    { "predicate": { "custom_model_data": "arrowdiamond" }, "model": "item/arrowdiamond" }
  ]
}